group_number,group_name,group_name_ua,group_id,parent_group_number,parent_group_id
89974809,Автохимия,Автохімія,7731,89974715,7730
88279920,АЗЛК,АЗЛК,3529,88279917,
88279937,АЗЛК Разное,АЗЛК Різне,6327,88279920,3529
88279938,АЗЛК Тюнинг,АЗЛК Тюнінг,6328,88279920,3529
89974810,Аксессуары,Аксесуари,7732,89974715,7730
88279922,АКЦИЯ,АКЦІЯ,3688,88279917,
123123660,Амортизатор багажника и капот,Амортизатор багажника та капот,4401,88280001,4400
88280405,Амортизатор багажника и капота,Амортизатор багажника та капоту,4464,88280012,4463
88280407,Амортизатор багажника и капота,Амортизатор багажника та капоту,4782,88280017,4781
88298832,Амортизатор багажника и капота,Амортизатор багажника та капоту,3869,88280005,3868
90009783,Амортизатор багажника и капота,Амортизатор багажника та капоту,5798,88298833,5797
120687748,Амортизатор багажника и капота,Амортизатор багажника і капота,4723,88280016,4722
123961718,Амортизатор багажника и капота,Амортизатор багажника та капота,5052,88280021,5051
123961726,Амортизатор багажника и капота,Амортизатор багажника та капота,5845,88280025,5844
125160373,Амортизатор багажника и капота,Амортизатор багажника та капота,4657,88280015,4656
88280526,Балка моста Рычаги Тяги,Балка моста Важелі Тяги,6260,88280066,3922
92718350,Бампер,Бампер,7957,88280196,5725
123961769,Бампер,Бампер,7984,114218080,7983
88280433,Бампера Задние 2115,Бампера Підсилювачі Молдинги Захисту,4951,88280020,4949
88280415,Бампера Усилители Молдинги Защиты,Бампера Підсилювачі Молдинги Захисту,3695,88280003,3693
88280417,Бампера Усилители Молдинги Защиты,Бампера Підсилювачі Молдинги Захисту,3778,88280004,3776
88280418,Бампера Усилители Молдинги Защиты,Бампера Підсилювачі Молдинги Захисту,3870,88280005,3868
88280419,Бампера Усилители Молдинги Защиты,Бампера Підсилювачі Молдинги Захисту,3961,88280006,3959
88280421,Бампера Усилители Молдинги Защиты,Бампера Підсилювачі Молдинги Захисту,4221,88280009,4219
88280423,Бампера Усилители Молдинги Защиты,Бампера Підсилювачі Молдинги Захисту,4341,88280011,4339
88280424,Бампера Усилители Молдинги Защиты,Бампера Підсилювачі Молдинги Захисту,4402,88280001,4400
88280425,Бампера Усилители Молдинги Защиты,Бампера Підсилювачі Молдинги Захисту,4465,88280012,4463
88280426,Бампера Усилители Молдинги Защиты,Бампера Підсилювачі Молдинги Захисту,4536,88280013,4534
88280428,Бампера Усилители Молдинги Защиты,Бампера Підсилювачі Молдинги Захисту,4658,88280015,4656
88280429,Бампера Усилители Молдинги Защиты,Бампера Підсилювачі Молдинги Захисту,4724,88280016,4722
88280431,Бампера Усилители Молдинги Защиты,Бампера Підсилювачі Молдинги Захисту,4843,88280018,4841
88280432,Бампера Усилители Молдинги Защиты,Бампера Підсилювачі Молдинги Захисту,4896,88280019,4894
88280434,Бампера Усилители Молдинги Защиты,Бампера Підсилювачі Молдинги Захисту,5053,88280021,5051
88280435,Бампера Усилители Молдинги Защиты,Бампера Підсилювачі Молдинги Захисту,5121,88280022,5119
88280437,Бампера Усилители Молдинги Защиты,Бампера Підсилювачі Молдинги Захисту,5228,88280024,5226
88280438,Бампера Усилители Молдинги Защиты,Бампера Підсилювачі Молдинги Захисту,5333,88280000,5331
88280776,Бампера Усилители Молдинги Защиты,Бампера Підсилювачі Молдинги Захисту,3414,88280238,3413
113403063,Бампера Усилители Молдинги Защиты,Бампера Підсилювачі Молдинги Захисти,4783,88280017,4781
122100593,Бампера Усилители Молдинги Защиты,Бампера Підсилювачі Молдинги Захисти,4597,88280014,4595
124878574,Бампера Усилители Молдинги Защиты,Бампера Підсилювачі Молдинги Захисту,4282,88280010,4280
88280439,Бачок омывателя,Бачок омивача,3716,88280033,3715
88280442,Бачок омывателя,Бачок омивача,4490,88280039,4489
88280445,Бачок омывателя,Бачок омивача,5143,88280044,5142
88298836,Бачок омывателя,Бачок омивача,3805,88280034,3804
88298922,Бачок омывателя,Бачок омивача,3989,88298837,3988
89974716,Бачок омывателя,Бачок омивача,7614,88280176,3429
123961720,Бачок омывателя,Замки Склопідйомники,5077,113403079,5076
88280449,Блок управления и реле,Блок управління і реле,6308,88280051,3441
88280547,Блок управления и реле,Блок управління і реле,6367,88280138,3926
88280572,Блок управления и реле,Блок управління і реле,6425,88280148,4516
88280597,Блок управления и реле,Блок управління і реле,6457,88280125,4703
88298838,Блок управления и реле,Блок управління і реле,4031,88280049,4030
119446430,Блок управления и реле,Блок керування та реле,6615,88280057,5883
123961741,Блок управления и реле,Блок управління та реле,6409,88280088,4382
124878582,Блок управления и реле,Блок управління та реле,6401,88280082,4321
88280601,Блок-картер,Блок-картер,6642,88280061,3862
89974812,Болты - Гайки колесные,Болти - Гайки колісні,7733,89974715,7730
88279919,ВАЗ,ВАЗ,3689,88279917,
88279942,ВАЗ 2101-2102-2103-2106,ВАЗ 2101-2102-2103-2106,3860,88279919,3689
88279943,ВАЗ 2106,ВАЗ 2106,3940,88279919,3689
88279971,ВАЗ Разное,ВАЗ Різне,6237,88279919,3689
88279972,ВАЗ Тюнинг,Тюнінг ВАЗ,4046,88279919,3689
88279944,"ВАЗ- 1111 ""ОКА""",ВАЗ 1111 ОКА,4048,88279919,3689
88279946,ВАЗ- 2102,ВАЗ 2102,4157,88279919,3689
88279947,ВАЗ- 2103,ВАЗ 2103,4213,88279919,3689
88279948,ВАЗ- 2104-2105-2107,ВАЗ 2104,4276,88279919,3689
88279949,ВАЗ- 2105,ВАЗ - 2105,4333,88279919,3689
88279941,ВАЗ- 2107,ВАЗ 2107,4395,88279919,3689
88279950,ВАЗ- 2108-2109-21099,ВАЗ 2108,4455,88279919,3689
88279951,ВАЗ- 2109,ВАЗ 2109,4530,88279919,3689
88279952,ВАЗ- 21099,ВАЗ 21099,4591,88279919,3689
88279953,ВАЗ- 2110-2111-2112,ВАЗ 2110,4648,88279919,3689
88279954,ВАЗ- 2111,ВАЗ 2111,4716,88279919,3689
88279955,ВАЗ- 2112,ВАЗ 2112,4774,88279919,3689
88279956,ВАЗ- 2113-2114-2115,ВАЗ 2113,4837,88279919,3689
88279957,ВАЗ- 2114,ВАЗ 2114,4889,88279919,3689
88279958,ВАЗ- 2115,ВАЗ 2115,4944,88279919,3689
88279959,"ВАЗ- 2121 ""Нива""",ВАЗ 2121 Нива,5045,88279919,3689
88279960,ВАЗ- 21213 -21214,"ВАЗ 21213, ВАЗ 21214",5113,88279919,3689
88279962,"ВАЗ- 2123 ""Шевроле""",ВАЗ 2123 Шевроле Нива,5220,88279919,3689
88279963,ВАЗ- 2131,ВАЗ 2131,5281,88279919,3689
88279940,"ВАЗ- 2170 ""Приора""",ВАЗ 2170 Лада Пріора,5326,88279919,3689
92613055,Внешние детали кузова,Зовнішні деталі кузова,4659,88280015,4656
123152983,Внешние детали кузова,Зовнішні деталі кузова,5334,88280000,5331
123278365,Внешние детали кузова,Зовнішні деталі кузова,4537,88280013,4534
123961712,Внешние детали кузова,Зовнішні деталі кузова,4844,88280018,4841
124829492,Внешние детали кузова,Зовнішні деталі кузова,4283,88280010,4280
125062313,Внешние детали кузова,Зовнішні деталі кузова,4466,88280012,4463
92613048,Внешние детали кузова 2106,Зовнішні деталі кузова,3962,88280006,3959
96207414,Выключатель и реле,Вимикач і реле,7159,96207413,5586
123961756,Выключатель и реле,Вимикач та реле,7160,113403090,5618
88280178,Выхлопная система,Вихлопна система,3759,88279935,3758
88280187,Выхлопная система,Вихлопна система,5481,88279977,5480
88280188,Выхлопная система,Вихлопна система,5720,88279980,5719
88280201,Выхлопная система,Вихлопна система,3410,88279928,3409
88298849,Выхлопная система,Вихлопна система,3941,88279943,3940
89974849,Выхлопная система,Вихлопна система,7689,89974808,7688
93879014,Выхлопная система,Вихлопна система,5630,88279969,5629
113403084,Выхлопная система,Вихлопна система,5282,88279963,5281
88280628,Выхлопные трубы,Вихлопні труби,6594,88280188,5720
88279924,ГАЗ,ГАЗ,5383,88279917,
88279986,ГАЗ Разное,ГАЗ Різне,5384,88279924,5383
88279975,ГАЗ- 2217 (Соболь),ГАЗ 2217 Соболь,5415,88279924,5383
88279976,ГАЗ- 24,ГАЗ 24 Волга,5450,88279924,5383
88279977,"ГАЗ- 24-10 ""Волга""",ГАЗ Волга 24-10,5480,88279924,5383
88279978,ГАЗ- 2705 (ГАЗель),ГАЗ 2705 Газель,5509,88279924,5383
88279979,ГАЗ- 3102,ГАЗ 3102 Волга,5567,88279924,5383
88279973,ГАЗ- 31029,ГАЗ 31029,5599,88279924,5383
88279969,ГАЗ- 3110,ГАЗ 3110,5629,88279924,5383
89990096,ГАЗ- 31105,ГАЗ - 31105,5663,88279924,5383
88279980,"ГАЗ- 3302 (2004) ""Газель""",ГАЗ 3302 Газель,5719,88279924,5383
88279981,ГАЗ- 33027,ГАЗ 33027,5760,88279924,5383
88280656,Глушитель,Глушник,6574,88280187,5481
89974865,Глушитель,Глушник,7690,89974849,7689
114450265,Головка блока цилиндров,Головка блока циліндрів,6365,88280061,3862
121389556,Головка блока цилиндров,Головка блока циліндрів,6294,88280202,3411
92718353,Гофра-Хомут,Гофра-Хомут,7951,89974715,7730
92718354,ГСМ,ПММ,7950,89974715,7730
88280664,Датчики Кнопки Переключатели,Датчики Кнопки Запобіжники,4517,88280148,4516
88280660,Датчики Кнопки Предохранители,Датчики Кнопки Запобіжники,3927,88280138,3926
88280663,Датчики Кнопки Предохранители,Датчики Кнопки Запобіжники,4383,88280088,4382
88280665,Датчики Кнопки Предохранители,Датчики Кнопки Запобіжники,4579,88280099,4578
88280666,Датчики Кнопки Предохранители,Датчики Кнопки Запобіжники,4704,88280125,4703
88280670,Датчики Кнопки Предохранители,Датчики Кнопки Запобіжники,6309,88280051,3441
88280673,Датчики Кнопки Предохранители,Датчики Кнопки Запобіжники,6342,88280205,3596
88280674,Датчики Кнопки Предохранители,Датчики Кнопки Запобіжники,6565,88280206,5371
88280675,Датчики Кнопки Предохранители,Датчики Кнопки Запобіжники,6591,88280055,5662
88298851,Датчики Кнопки Предохранители,Датчики Кнопки Запобіжники,3846,88280048,3844
88298852,Датчики Кнопки Предохранители,Датчики Кнопки Запобіжники,4032,88280049,4030
123961746,Датчики Кнопки Предохранители,Датчики Кнопки Запобіжники,6445,88280050,4636
123961753,Датчики Кнопки Предохранители,Датчики Кнопки Запобіжники,6616,88280057,5883
123961767,Датчики Кнопки Предохранители,Датчики Кнопки Запобіжники,7711,89974851,7710
124878580,Датчики Кнопки Предохранители,Датчики Кнопки Запобіжники,5269,88280129,5268
88280677,Двери Капоты Крышки,Двері Капоти Кришки,3872,88280005,3868
88280679,Двери Капоты Крышки,Двері Капоти Кришки,4343,88280011,4339
88280681,Двери Капоты Крышки,Двері Капоти Кришки,4467,88280012,4463
88280682,Двери Капоты Крышки,Двері Капоти Кришки,4660,88280015,4656
88280683,Двери Капоты Крышки,Двері Капоти Кришки,5055,88280021,5051
88658198,Двери Капоты Крышки,Двері Капоти Кришки,4538,88280013,4534
90022554,Двери Капоты Крышки,Двері Капоти Кришки,4726,88280016,4722
93280851,Двери Капоты Крышки,Двері Капоти Кришки,3780,88280004,3776
123961696,Двери Капоты Крышки,Двері Капоти Кришки,4284,88280010,4280
123961704,Двери Капоты Крышки,Двері Капоти Кришки,4599,88280014,4595
123961708,Двери Капоты Крышки,Двері Капоти Кришки,4785,88280017,4781
124621549,Двери Капоты Крышки,Двері Капоти Кришки,5335,88280000,5331
88280059,Двигатель,Двигун,3767,88279935,3758
88280060,Двигатель,Двигун,3949,88279943,3940
88280061,Двигатель,Двигун,3862,88279942,3860
88280072,Двигатель,Двигун,4215,88279947,4213
88280083,Двигатель,Двигун,4335,88279949,4333
88280133,Двигатель,Двигун,4397,88279941,4395
88280135,Двигатель,Двигун,4458,88279950,4455
88280154,Двигатель,Двигун,4651,88279953,4648
88280156,Двигатель,Двигун,4719,88279954,4716
88280169,Двигатель,Двигун,5047,88279959,5045
88280174,Двигатель,Двигун,5115,88279960,5113
88280175,Двигатель,Двигун,5222,88279962,5220
88280202,Двигатель,Двигун,3411,88279928,3409
88280211,Двигатель,Двигун,3658,88279968,3656
88280213,Двигатель,Двигун,4777,88279955,4774
88280216,Двигатель,Двигун,5329,88279940,5326
88280217,Двигатель,Двигун,5482,88279977,5480
88280218,Двигатель,Двигун,5569,88279979,5567
88280219,Двигатель,Двигун,5631,88279969,5629
88280220,Двигатель,Двигун,5721,88279980,5719
88280221,Двигатель,Двигун,5794,88279964,5792
88280222,Двигатель,Двигун,5841,88279965,5839
88280223,Двигатель,Двигун,5954,88279970,5952
88280293,Двигатель,Двигун,3473,88279930,3471
89974770,Двигатель,Двигун,5452,88279976,5450
89974852,Двигатель,Двигун,7661,89974806,7658
113403055,Двигатель,Двигун,4593,88279952,4591
118375702,Двигатель,Двигун,4891,88279957,4889
125195891,Двигатель,Двигун,3692,88279933,3690
88280690,Двигатель отопителя Вентилятор,Двигун Вентилятор отопітеля,3891,88280227,3890
88280691,Двигатель отопителя Вентилятор,Двигун Вентилятор отопітеля,4486,88280092,4485
88280694,Детали механизма стеклоочистителя,Деталі механізму склоочисника,3809,88280034,3804
88280695,Детали механизма стеклоочистителя,Деталі механізму склоочисника,3902,88280035,3897
88280697,Детали механизма стеклоочистителя,Деталі механізму склоочисника,4491,88280039,4489
88280698,Детали механизма стеклоочистителя,Деталі механізму склоочисника,4681,88280040,4679
88280699,Детали механизма стеклоочистителя,Деталі механізму склоочисника,5251,88280046,5249
88298928,Детали механизма стеклоочистителя,Деталі механізму склоочисника,3993,88298837,3988
92718351,Детали механизма стеклоочистителя,Деталі механізму склоочисника,4865,90022560,4863
114450205,Детали механизма стеклоочистителя,Деталі механізму склоочисника,4246,113403040,4244
123961702,Детали механизма стеклоочистителя,Деталі механізму склоочисника,4427,113403047,4425
123961716,Детали механизма стеклоочистителя,Деталі механізму склоочисника,4974,113403074,4972
88280525,Детали мехнического рулевого управления,Деталі мехнического рульового управління,6259,88280062,3903
88280538,Детали мехнического рулевого управления,Деталі мехнического рульового управління,6284,88280093,4492
123961745,Детали мехнического рулевого управления,Деталі механічного кермового керування,6440,113403059,4622
88298857,Детали монтажа,Деталі монтажу,3763,88280178,3759
114450303,Детали монтажа,Деталі монтажу,7972,93879014,5630
121389555,Детали монтажа,Деталі монтажу,6293,88280201,3410
122538867,Детали монтажа,Деталі монтажу,7724,113403084,5282
89974815,Домкраты,Домкрати,7734,89974715,7730
88279923,ЗАЗ,ЗАЗ,5789,88279917,
88279988,ЗАЗ разное,ЗАЗ різне,6201,88279923,5789
88279989,ЗАЗ Тюнинг,Тюнінг ЗАЗ,5790,88279923,5789
88279964,ЗАЗ- 1102 (Таврия Нова),ЗАЗ 1102 Таврия Нова,5792,88279923,5789
88279965,ЗАЗ- 1102 (Таврия),ЗАЗ 1102 Таврія,5839,88279923,5789
88279966,ЗАЗ- 1103 (Славута),ЗАЗ 1103 Славута,5887,88279923,5789
88279970,ЗАЗ- Sens,ЗАЗ Sens,5952,88279923,5789
88280713,Замки Стеклоподъемники,Замки Склопідйомники,3568,88280002,3566
88280714,Замки Стеклоподъемники,Замки Склопідйомники,3873,88280005,3868
88280715,Замки Стеклоподъемники,Замки Склопідйомники,3964,88280006,3959
88280717,Замки Стеклоподъемники,Замки Склопідйомники,4166,88280008,4161
88280720,Замки Стеклоподъемники,Замки Склопідйомники,4344,88280011,4339
88280721,Замки Стеклоподъемники,Замки Склопідйомники,4405,88280001,4400
88280722,Замки Стеклоподъемники,Замки Склопідйомники,4468,88280012,4463
88280723,Замки Стеклоподъемники,Замки Склопідйомники,4539,88280013,4534
88280724,Замки Стеклоподъемники,Замки Склопідйомники,4600,88280014,4595
88280725,Замки Стеклоподъемники,Замки Склопідйомники,4661,88280015,4656
88280726,Замки Стеклоподъемники,Замки Склопідйомники,4727,88280016,4722
88280729,Замки Стеклоподъемники,Замки Склопідйомники,4899,88280019,4894
88280733,Замки Стеклоподъемники,Замки Склопідйомники,5231,88280024,5226
88280734,Замки Стеклоподъемники,Замки Склопідйомники,5336,88280000,5331
88280736,Замки Стеклоподъемники,Замки Склопідйомники,5571,88280237,5570
88280738,Замки Стеклоподъемники,Замки Склопідйомники,6298,88280238,3413
88298858,Замки Стеклоподъемники,Замки Склопідйомники,3781,88280004,3776
89115056,Замки Стеклоподъемники,Замки Склопідйомники,7604,89115039,5633
117376310,Замки Стеклоподъемники,Замки Склопідіймачі,7656,113403094,5763
123961709,Замки Стеклоподъемники,Замки Склопідйомники,4786,88280017,4781
123961719,Замки Стеклоподъемники,Замки Склопідйомники,5056,88280021,5051
123961763,Замки Стеклоподъемники,Замки Склопідйомники,7655,113403092,5667
124624826,Замки Стеклоподъемники,Замки Склопідйомники,4285,88280010,4280
116732514,Заслонка отопителя,Заслінка опалювача,7148,88280102,4677
114492520,Зеркало,Дзеркало,7987,88279975,5415
88298860,Инжекторная топливная система,Інжекторна паливна система,3825,88280239,3824
88280739,Карат двери,Карат двері,5104,88280241,5103
88280742,Карбюраторная топливная система,Карбюраторная паливна система,3750,88280244,3749
88280746,Карбюраторная топливная система,Карбюраторная паливна система,4079,88280246,4078
88280749,Карбюраторная топливная система,Карбюраторная паливна система,4432,88280090,4431
88280750,Карбюраторная топливная система,Карбюраторная паливна система,4501,88280247,4500
88280751,Карбюраторная топливная система,Карбюраторная паливна система,4690,88280106,4689
88280754,Карбюраторная топливная система,Карбюраторная паливна система,5148,88280251,5147
88280758,Карбюраторная топливная система,Карбюраторная паливна система,5870,88280255,5869
88686966,Карбюраторная топливная система,Карбюраторная паливна система,5085,88280250,5084
116781209,Карбюраторная топливная система,Карбюраторна паливна система,4813,88280249,4812
119470244,Карбюраторная топливная система,Карбюраторна паливна система,4568,118855218,4567
119713175,Карбюраторная топливная система,Карбюраторна паливна система,4980,88280112,4979
119713183,Карбюраторная топливная система,Карбюраторна паливна система,3911,119713172,3910
123961706,Карбюраторная топливная система,Карбюраторна паливна система,4627,113403060,4626
88280530,Карданная передача,Карданна передача,6274,88280132,4376
88280759,Карданная передача,Карданна передача,3919,88280256,3918
88280760,Карданная передача,Карданна передача,5751,88280257,5750
88280761,Карданная передача,Карданна передача,6523,88280259,5092
88280764,Карта двери,Карта двері,3931,88280264,3930
88280765,Карта двери,Карта двері,4037,88280265,4036
88280768,Карта двери,Карта двері,4386,88280270,4385
88280770,Карта двери,Карта двері,4521,88280272,4520
88280773,Карта двери,Карта двері,5374,88280285,5373
88280774,Карта двери,Карта двері,6598,88280287,5758
91302905,Карта двери,Карта двері,4582,88280273,4581
121171597,Карта двери,Мапа дверей,4707,88280275,4706
124539735,Карта двери,Карта дверей,4880,124539733,4879
124624827,Карта двери,Карта дверей,5159,88280281,5158
124878576,Карта двери,Карта дверей,4324,88280269,4323
121215934,Катафот,Катафот,4790,88280326,4789
88280804,Катофот,Катофот,3877,88280338,3876
124280082,Козырек солнцезащитный,Козирок сонцезахисний,4038,88280265,4036
124971427,Козырек солнцезащитный,Козирок сонцезахисний,3932,88280264,3930
121225088,Козырек солцезащитный,Дашок солцезахисний,4522,88280272,4520
88280456,Колодки,Колодки,3914,88280065,3913
88280490,Колодки,Колодки,4693,88280107,4692
88280504,Колодки,Колодки,5088,88280116,5087
88280644,Колодки,Колодки,6253,88280197,5748
88280813,Колодки,Колодки,4505,88280339,4504
88280814,Колодки,Колодки,5873,88280340,5872
88281173,Колодки,Колодки,3436,88280290,3435
88298923,Колодки,Колодки,3830,88298840,3829
88298924,Колодки,Колодки,4015,88298842,4014
89974867,Колодки,Колодки,7675,89974854,7674
113403107,Колодки,Колодки,6225,88280342,5825
114450212,Колодки,Колодки,4435,113403048,4434
114450254,Колодки,Колодки,6224,88280193,5592
123961711,Колодки,Колодки,4817,88280110,4816
123961724,Колодки,Колодки,5655,88280195,5654
123961728,Колодки,Колодки,5978,113403101,5977
123961733,Колодки,Колодки,6221,88280128,5259
123961755,Колодки,Колодки,7157,88280308,5475
88280477,Комплект сцепления,Комплект зчеплення,4495,88280094,4494
88280555,Комплект сцепления,Комплект зчеплення,6391,88280074,4248
88280819,Комплект сцепления,Комплект зчеплення,4001,88280067,4000
88280825,Комплект сцепления,Комплект зчеплення,6534,88280350,5145
88298844,Комплект сцепления,Комплект зчеплення,4685,88280104,4684
124163225,Комплект сцепления,Комплект зчеплення,6230,88280235,5973
124241512,Комплект сцепления,Комплект зчеплення,6481,124163224,4867
124280083,Комплект сцепления,Комплект зчеплення,6366,88280063,3905
124319012,Комплект сцепления,Комплект зчеплення,6163,88280288,3431
88280595,Коробка передач,Коробка передач,6455,88280155,4697
88280827,Коробка передач,Коробка передач,3920,88280256,3918
88280832,Коробка передач,Коробка передач,4510,88280352,4509
88280833,Коробка передач,Коробка передач,4632,88280353,4631
88280834,Коробка передач,Коробка передач,5093,88280259,5092
88280837,Коробка передач,Коробка передач,5595,88280355,5594
88280838,Коробка передач,Коробка передач,5752,88280257,5750
88280841,Коробка передач,Коробка передач,6307,88280258,3438
88280842,Коробка передач,Коробка передач,6323,88279999,3497
88298935,Коробка передач,Коробка передач,4021,88298862,4019
88298936,Коробка передач,Коробка передач,5829,88298874,5828
114828218,Коробка передач,Коробка передач,5876,114828217,5875
118552720,Коробка передач,Коробка передач,4438,88280146,4437
119676655,Коробка передач,Коробка передач,4257,88280142,4256
119713173,Коробка передач,Коробка передач,4377,88280132,4376
123961729,Коробка передач,Коробка передач,5980,113403102,5979
88280857,Корпус,Корпус,5516,88280335,5514
88298937,Корпус,Корпус,3786,88298868,3784
122373696,Корпус (Фонарь ),Корпус (Фонар),4410,124330391,4288
88280158,Крепеж,Кріплення,6658,88279971,6237
88280361,Крепеж,Кріплення,6661,88279931,6186
88280362,Крепеж,Кріплення,6662,88279986,5384
123961754,Крепеж,Кріплення,6663,88279988,6201
88280858,Крепление двигателя,Кріплення двигуна,3863,88280061,3862
88280861,Крепление двигателя,Кріплення двигуна,5048,88280169,5047
88280862,Крепление двигателя,Кріплення двигуна,5722,88280220,5721
88280863,Крепление двигателя,Кріплення двигуна,6188,88280202,3411
117976280,Крепление двигателя,Кріплення двигуна,7618,113403055,4593
88280452,Кривошипношатунный механизм,Крівошіпношатунний механізм,3864,88280061,3862
88280467,Кривошипношатунный механизм,Крівошіпношатунний механізм,4336,88280083,4335
88280536,Кривошипношатунный механизм,Крівошіпношатунний механізм,6282,88280135,4458
88280867,Кривошипношатунный механизм,Крівошіпношатунний механізм,5723,88280220,5721
88280868,Кривошипношатунный механизм,Крівошіпношатунний механізм,5842,88280222,5841
88280869,Кривошипношатунный механизм,Крівошіпношатунний механізм,5955,88280223,5954
88280870,Кривошипношатунный механизм,Крівошіпношатунний механізм,6295,88280202,3411
88298879,Кривошипношатунный механизм,Крівошіпношатунний механізм,3953,88280060,3949
88298880,Кривошипношатунный механизм,Крівошіпношатунний механізм,5795,88280221,5794
88879868,Кривошипношатунный механизм,Крівошіпношатунний механізм,5116,88280174,5115
88879869,Кривошипношатунный механизм,Крівошіпношатунний механізм,6472,88280213,4777
89974822,Кривошипношатунный механизм,Крівошіпношатунний механізм,5453,89974770,5452
90307396,Кривошипношатунный механизм,Крівошіпношатунний механізм,3771,88280059,3767
114450285,Кривошипношатунный механизм,Кривошипнодушний механізм,7624,88279986,5384
124163222,Кривошипношатунный механизм,Кривошипношатунний механізм,4398,88280133,4397
125266618,Кривошипношатунный механизм,Кривошипношатунний механізм,6451,88280154,4651
88280873,Крышка фары,Кришка фари,5423,88280334,5420
123961768,Кузов,Кузов,7959,89974808,7688
88280003,Кузов и детали кузова,Кузов і деталі кузова,3693,88279933,3690
88280004,Кузов и детали кузова,Кузов і деталі кузова,3776,88279935,3758
88280025,Кузов и детали кузова,Кузов і деталі кузова,5844,88279965,5839
88280196,Кузов и детали кузова,Кузов і деталі кузова,5725,88279980,5719
88280237,Кузов и детали кузова,Кузов і деталі кузова,5570,88279979,5567
88280238,Кузов и детали кузова,Кузов і деталі кузова,3413,88279928,3409
88298833,Кузов и детали кузова,Кузов і деталі кузова,5797,88279964,5792
89115039,Кузов и детали кузова,Кузов і деталі кузова,5633,88279969,5629
113403092,Кузов и детали кузова,Кузов і деталі кузова,5667,89990096,5663
113403094,Кузов и детали кузова,Кузов і деталі кузова,5763,88279981,5760
88280000,Кузовные детали,Кузовні деталі,5331,88279940,5326
88280001,Кузовные детали,Кузовні деталі,4400,88279941,4395
88280002,Кузовные детали,Кузовні деталі,3566,88279936,3563
88280005,Кузовные детали,Кузовні деталі,3868,88279942,3860
88280006,Кузовные детали,Кузовні деталі,3959,88279943,3940
88280008,Кузовные детали,Кузовні деталі,4161,88279946,4157
88280009,Кузовные детали,Кузовні деталі,4219,88279947,4213
88280010,Кузовные детали,Кузовні деталі,4280,88279948,4276
88280011,Кузовные детали,Кузовні деталі,4339,88279949,4333
88280012,Кузовные детали,Кузовні деталі,4463,88279950,4455
88280013,Кузовные детали,Кузовні деталі,4534,88279951,4530
88280014,Кузовные детали,Кузовні деталі,4595,88279952,4591
88280015,Кузовные детали,Кузовні деталі,4656,88279953,4648
88280016,Кузовные детали,Кузовні деталі,4722,88279954,4716
88280017,Кузовные детали,Кузовні деталі,4781,88279955,4774
88280018,Кузовные детали,Кузовні деталі,4841,88279956,4837
88280019,Кузовные детали,Кузовні деталі,4894,88279957,4889
88280020,Кузовные детали,Кузовні деталі,4949,88279958,4944
88280021,Кузовные детали,Кузовні деталі,5051,88279959,5045
88280022,Кузовные детали,Кузовні деталі,5119,88279960,5113
88280024,Кузовные детали,Кузовні деталі,5226,88279962,5220
125200207,Кузовные детали,Кузовні деталі,5284,88279963,5281
88280874,Кузовные детали каркаса/рамы,Кузовні деталі каркаса/рами,4345,88280011,4339
89974733,Кузовные детали каркаса/рамы,Кузовні деталі каркаса/рами,3874,88280005,3868
92613050,Кузовные детали каркаса/рамы,Кузовні деталі каркаса/рами,4167,88280008,4161
92613056,Кузовные детали каркаса/рамы,Кузовні деталі каркаса/рами,4662,88280015,4656
114450218,Кузовные детали каркаса/рамы,Кузові деталі каркаса/рами,4601,88280014,4595
124878579,Кузовные детали каркаса/рамы,Кузовні деталі каркасу/рами,5057,88280021,5051
88280851,Ліхтар задній,Корпус,4473,88280321,4471
88280775,Механизм газораспределения ГРМ,Механізм газорозподілу ГРМ,3412,88280202,3411
88280879,Механизм газораспределения ГРМ,Механізм газорозподілу ГРМ,4217,88280072,4215
88280880,Механизм газораспределения ГРМ,Механізм газорозподілу ГРМ,4337,88280083,4335
88280881,Механизм газораспределения ГРМ,Механізм газорозподілу ГРМ,4460,88280135,4458
88280882,Механизм газораспределения ГРМ,Механізм газорозподілу ГРМ,4653,88280154,4651
88280883,Механизм газораспределения ГРМ,Механізм газорозподілу ГРМ,4720,88280156,4719
88280884,Механизм газораспределения ГРМ,Механізм газорозподілу ГРМ,4778,88280213,4777
88280886,Механизм газораспределения ГРМ,Механізм газорозподілу ГРМ,5843,88280222,5841
88280887,Механизм газораспределения ГРМ,Механізм газорозподілу ГРМ,6321,88280293,3473
88280890,Механизм газораспределения ГРМ,Механізм газорозподілу ГРМ,6517,88280169,5047
88280894,Механизм газораспределения ГРМ,Механізм газорозподілу ГРМ,6560,88280216,5329
88280895,Механизм газораспределения ГРМ,Механізм газорозподілу ГРМ,6575,88280217,5482
88280896,Механизм газораспределения ГРМ,Механізм газорозподілу ГРМ,6630,88280223,5954
88298883,Механизм газораспределения ГРМ,Механізм газорозподілу ГРМ,3954,88280060,3949
89974730,Механизм газораспределения ГРМ,Механізм газорозподілу ГРМ,3772,88280059,3767
123460852,Механизм газораспределения ГРМ,Механізм газорозподілу ГРМ,3865,88280061,3862
123961736,Механизм газораспределения ГРМ,Механізм газорозподілу ГРМ,6277,88280133,4397
123961744,Механизм газораспределения ГРМ,Механізм газорозподілу ГРМ,6438,113403055,4593
88279967,Москвич- 2140,АЗЛК 2140 Москвич,3530,88279920,3529
88279936,Москвич- 2141,АЗЛК 2141 Москвич,3563,88279920,3529
88279968,Москвич- 412,Москвич 412,3656,88279920,3529
123961771,Накладки Фар (Реснички )Дефлектор,Накладки Фар (Реснички) Дефлектор,7993,89974715,7730
92613156,Насосы,Насоси,7736,89974715,7730
92613157,Новинки,Новинки,7596,88279917,
88280898,Облицовка багажника,Облицювання багажника,4326,88280269,4323
88280901,Облицовка багажника,Облицювання багажника,4523,88280272,4520
88280905,Облицовка багажника,Облицювання багажника,4767,88280276,4764
88280910,Облицовка багажника,Облицювання багажника,5161,88280281,5158
88280913,Облицовка багажника,Облицювання багажника,5319,88280284,5316
88280914,Облицовка багажника,Облицювання багажника,5376,88280285,5373
88298886,Облицовка багажника,Облицювання багажника,4206,88280267,4203
118277935,Облицовка багажника,Облицювання багажника,3933,88280264,3930
124530491,Облицовка багажника,Облицювання багажника,4039,88280265,4036
88280916,Облицовка салона,Облицювання салону,3731,88280262,3727
88280917,Облицовка салона,Облицювання салону,3934,88280264,3930
88280918,Облицовка салона,Облицювання салону,4040,88280265,4036
88280920,Облицовка салона,Облицювання салону,4207,88280267,4203
88280921,Облицовка салона,Облицювання салону,4270,88280268,4266
88280923,Облицовка салона,Облицювання салону,4389,88280270,4385
88280924,Облицовка салона,Облицювання салону,4449,88280271,4445
88280925,Облицовка салона,Облицювання салону,4524,88280272,4520
88280926,Облицовка салона,Облицювання салону,4585,88280273,4581
88280928,Облицовка салона,Облицювання салону,4710,88280275,4706
88280930,Облицовка салона,Облицювання салону,4831,88280277,4827
88280932,Облицовка салона,Облицювання салону,4938,88280279,4934
88280937,Облицовка салона,Облицювання салону,5275,88280283,5271
88280938,Облицовка салона,Облицювання салону,5377,88280285,5373
88280939,Облицовка салона,Облицювання салону,6314,88280286,6311
88280941,Облицовка салона,Облицювання салону,6619,88280364,5885
88298889,Облицовка салона,Облицювання салону,3854,88280263,3850
114450223,Облицовка салона,Облицювання салону,4642,113403062,4638
119676656,Облицовка салона,Облицювання салону,5320,88280284,5316
121463444,Облицовка салона,Облицювання салону,4993,88280280,4989
123152982,Облицовка салона,Облицювання салону,5162,88280281,5158
123961697,Облицовка салона,Облицювання салону,4327,88280269,4323
88280489,Общие элементы топливной системы,Загальні елементи паливної системи,4691,88280106,4689
88280944,Общие элементы топливной системы,Загальні елементи паливної системи,4502,88280247,4500
88280946,Общие элементы топливной системы,Загальні елементи паливної системи,4814,88280249,4812
88280947,Общие элементы топливной системы,Загальні елементи паливної системи,5871,88280255,5869
88281172,Общие элементы топливной системы,Загальні елементи паливної системи,3434,88280242,3433
88298892,Общие элементы топливной системы,Загальні елементи паливної системи,4012,88280240,4009
88298938,Общие элементы топливной системы,Загальні елементи паливної системи,3680,88298890,3679
121389557,Общие элементы топливной системы,Загальні елементи паливної системи,6522,88280250,5084
123961717,Общие элементы топливной системы,Загальні елементи паливної системи,4981,88280112,4979
123961739,Общие элементы топливной системы,Загальні елементи паливної системи,6331,113403035,3553
124915036,Общие элементы топливной системы,Загальні елементи паливної системи,3912,119713172,3910
125160371,Общие элементы топливной системы,Загальні елементи паливної системи,3827,88280239,3824
89974831,Оплетки руля,Обплетення керма,7737,89974715,7730
88280312,Оптика,Оптика,3701,88279933,3690
88280313,Оптика,Оптика,3967,88279943,3940
88280319,Оптика,Оптика,4347,88279949,4333
88280320,Оптика,Оптика,4408,88279941,4395
88280321,Оптика,Оптика,4471,88279950,4455
88280322,Оптика,Оптика,4542,88279951,4530
88280324,Оптика,Оптика,4664,88279953,4648
88280326,Оптика,Оптика,4789,88279955,4774
88280329,Оптика,Оптика,4957,88279958,4944
88280330,Оптика,Оптика,5127,88279960,5113
88280333,Оптика,Оптика,5339,88279940,5326
88280334,Оптика,Оптика,5420,88279975,5415
88280335,Оптика,Оптика,5514,88279978,5509
88280336,Оптика,Оптика,5604,88279973,5599
88280337,Оптика,Оптика,5848,88279965,5839
88280338,Оптика,Оптика,3876,88279942,3860
88298868,Оптика,Оптика,3784,88279935,3758
88298869,Оптика,Оптика,5059,88279959,5045
88904450,Оптика,Оптика,5727,88279980,5719
122794219,Оптика,Оптика,4849,88279956,4837
124330391,Оптика,Оптика,4288,88279948,4276
125200205,Оптика,Оптика,4603,88279952,4591
88280084,Отопление и вентиляция,Опалення і вентиляція,4361,88279949,4333
88280092,Отопление и вентиляция,Опалення і вентиляція,4485,88279950,4455
88280102,Отопление и вентиляция,Опалення і вентиляція,4677,88279953,4648
88280113,Отопление и вентиляция,Опалення і вентиляція,5072,88279959,5045
88280157,Отопление и вентиляция,Опалення і вентиляція,4743,88279954,4716
88280166,Отопление и вентиляция,Опалення і вентиляція,4802,88279955,4774
88280227,Отопление и вентиляция,Опалення і вентиляція,3890,88279942,3860
88280228,Отопление и вентиляция,Опалення і вентиляція,3428,88279928,3409
88280367,Отопление и вентиляция,Опалення і вентиляція,5247,88279962,5220
88280368,Отопление и вентиляция,Опалення і вентиляція,5352,88279940,5326
88298854,Отопление и вентиляция,Опалення і вентиляція,3797,88279935,3758
88298855,Отопление и вентиляция,Опалення і вентиляція,3981,88279943,3940
89115038,Отопление и вентиляция,Опалення і вентиляція,5525,88279978,5509
89974857,Отопление и вентиляция,Опалення і вентиляція,7665,89974806,7658
113403044,Отопление и вентиляция,опалення та вентиляція,4302,88279948,4276
114218078,Отопление и вентиляция,опалення та вентиляція,4862,88279956,4837
114218082,Охлождение двигателя,Охолодження двигуна,7986,114218078,4862
88280039,Очистка окна,Очистка вікна,4489,88279950,4455
113403079,Очистка окна,Очищення вікна,5076,88279959,5045
88280033,Очистка окон,Очищення вікон,3715,88279933,3690
88280034,Очистка окон,Очищення вікон,3804,88279935,3758
88280035,Очистка окон,Очищення вікон,3897,88279942,3860
88280040,Очистка окон,Очищення вікон,4679,88279953,4648
88280044,Очистка окон,Очищення вікон,5142,88279960,5113
88280046,Очистка окон,Очищення вікон,5249,88279962,5220
88280176,Очистка окон,Очищення вікон,3429,88279928,3409
88298837,Очистка окон,Очищення вікон,3988,88279943,3940
90022560,Очистка окон,Очищення вікон,4863,88279956,4837
96207413,Очистка окон,Очищення вікон,5586,88279979,5567
113403040,Очистка окон,Очищення вікон,4244,88279947,4213
113403047,Очистка окон,Очищення вікон,4425,88279941,4395
113403074,Очистка окон,Очищення вікон,4972,88279958,4944
113403090,Очистка окон,Очищення вікон,5618,88279973,5599
124971426,Пистоны,Пістони,3921,88279942,3860
88298894,Плафон,Плафон,3881,88280338,3876
123961700,Плафон,Плафон,4413,124330391,4288
88280952,Поворотный кулак Ступица Крепление колеса,Поворотний кулак Маточина Кріплення колеса,3923,88280066,3922
88280956,Поворотный кулак Ступица Крепление колеса,Поворотний кулак Маточина Кріплення колеса,4513,88280096,4512
88280957,Поворотный кулак Ступица Крепление колеса,Поворотний кулак Маточина Кріплення колеса,4700,88280108,4699
88280958,Поворотный кулак Ступица Крепление колеса,Поворотний кулак Маточина Кріплення колеса,5097,88280117,5095
88280962,Поворотный кулак Ступица Крепление колеса,Поворотний кулак Маточина Кріплення колеса,5880,88280031,5879
88280965,Поворотный кулак Ступица Крепление колеса,Поворотний кулак Маточина Кріплення колеса,6165,88279997,3440
88298896,Поворотный кулак Ступица Крепление колеса,Поворотний кулак Маточина Кріплення колеса,3840,88280027,3838
88298897,Поворотный кулак Ступица Крепление колеса,Поворотний кулак Маточина Кріплення колеса,5832,88280371,5831
89115057,Поворотный кулак Ступица Крепление колеса,Поворотний кулак Маточина Кріплення колеса,7633,88280388,5661
90009795,Поворотный кулак Ступица Крепление колеса,Поворотний кулак Маточина Кріплення колеса,5445,90009781,5444
114450213,Поворотный кулак Ступица Крепление колеса,Поворотний кулак Ступиця Кріплення колеса,4441,113403049,4440
115727258,Поворотный кулак Ступица Крепление колеса,Поворотний кулак Ступиця Кріплення колеса,7989,115727257,7988
123961721,Поворотный кулак Ступица Крепление колеса,Поворотний кулак Ступиця Кріплення колеса,5265,88280172,5264
123961723,Поворотный кулак Ступица Крепление колеса,Поворотний кулак Ступиця Кріплення колеса,5370,88280030,5369
123961727,Поворотный кулак Ступица Крепление колеса,Поворотний кулак Ступиця Кріплення колеса,5916,113403099,5915
123961759,Поворотный кулак Ступица Крепление колеса,Поворотний кулак Ступиця Кріплення колеса,7635,113403093,5691
88280970,Повторитель,Повторювач,4477,88280321,4471
93878988,Повторитель,Повторювач,3882,88280338,3876
125221364,Повторитель,Повторювач,3973,88280313,3967
125221365,Повторитель,Повторювач,4353,88280319,4347
125221366,Повторитель,Повторювач,4669,88280324,4664
125221367,Повторитель,Повторювач,4962,88280329,4957
88280377,Подлокотники,Підлокітники,3379,88279932,3378
88280378,Подлокотники,Підлокітники,4047,88279972,4046
88280973,Подфарник,Підфарник,3883,88280338,3876
124143291,Подфарник,Підфарник,5133,88280330,5127
88280977,Покрытие пола,Покриття підлоги,3935,88280264,3930
88280981,Покрытие пола,Покриття підлоги,4525,88280272,4520
88280983,Покрытие пола,Покриття підлоги,4711,88280275,4706
88280990,Покрытие пола,Покриття підлоги,6335,88280301,3561
88298899,Покрытие пола,Покриття підлоги,3855,88280263,3850
117788169,Покрытие пола,Покриття підлоги,5108,88280241,5103
118544669,Покрытие пола,Покриття підлоги,4041,88280265,4036
118544670,Покрытие пола,Покриття підлоги,6315,88280286,6311
123961713,Покрытие пола,Покриття підлоги,4939,88280279,4934
124539736,Покрытие пола,Покриття підлоги,4884,124539733,4879
124829493,Покрытие пола,Покриття підлоги,4328,88280269,4323
88280457,Привод колес,Привід коліс,3924,88280066,3922
88280996,Привод колес,Привід коліс,5098,88280117,5095
88281000,Привод колес,Привід коліс,5755,88280382,5754
88281001,Привод колес,Привід коліс,5833,88280371,5831
88281002,Привод колес,Привід коліс,5881,88280031,5879
88281004,Привод колес,Привід коліс,6166,88279997,3440
116982828,Привод колес,Привод коліс,5984,88280373,5982
118552758,Привод колес,Привод коліс,5156,88280029,5154
123961722,Привод колес,Привід коліс,5266,88280172,5264
123961734,Привод колес,Привід коліс,6223,88280030,5369
124878578,Привод колес,Привід коліс,4514,88280096,4512
89974715,Принадлежности,Приналежності,7730,88279917,
88280557,Проводка Разъёмы Клеммы,Проводка Роз'єми Клеми,6395,88280078,4262
88280558,Проводка Разъёмы Клеммы,Проводка Роз'єми Клеми,6403,88280082,4321
88280568,Проводка Разъёмы Клеммы,Проводка Роз'єми Клеми,6420,88280134,4443
88280573,Проводка Разъёмы Клеммы,Проводка Роз'єми Клеми,6426,88280148,4516
88280598,Проводка Разъёмы Клеммы,Проводка Роз'єми Клеми,6458,88280125,4703
88281009,Проводка Разъёмы Клеммы,Проводка Роз'єми Клеми,4033,88280049,4030
88281010,Проводка Разъёмы Клеммы,Проводка Роз'єми Клеми,6310,88280051,3441
88281011,Проводка Разъёмы Клеммы,Проводка Роз'єми Клеми,6333,88280300,3560
88281012,Проводка Разъёмы Клеммы,Проводка Роз'єми Клеми,6343,88280205,3596
88281015,Проводка Разъёмы Клеммы,Проводка Роз'єми Клеми,6526,88280054,5101
88281016,Проводка Разъёмы Клеммы,Проводка Роз'єми Клеми,6542,88280170,5157
88281017,Проводка Разъёмы Клеммы,Проводка Роз'єми Клеми,6566,88280206,5371
88281018,Проводка Разъёмы Клеммы,Проводка Роз'єми Клеми,6578,88280207,5508
88281019,Проводка Разъёмы Клеммы,Проводка Роз'єми Клеми,6583,88280208,5598
88281020,Проводка Разъёмы Клеммы,Проводка Роз'єми Клеми,6592,88280055,5662
88281021,Проводка Разъёмы Клеммы,Проводка Роз'єми Клеми,6617,88280057,5883
88281022,Проводка Разъёмы Клеммы,Проводка Роз'єми Клеми,6633,88280058,5985
89974793,Проводка Разъёмы Клеммы,Проводка Роз'єми Клеми,7615,88279971,6237
118387770,Проводка Разъёмы Клеммы,Проведення Роз'єми Клеми,6410,88280088,4382
123961743,Проводка Разъёмы Клеммы,Проведення Роз'єми Клеми,6436,88280099,4578
123961750,Проводка Разъёмы Клеммы,Проведення Роз'єми Клеми,6511,88280053,4987
124878581,Проводка Разъёмы Клеммы,Проведення Роз'єми Клеми,6368,88280138,3926
88280528,Прокладки двигателя,Прокладки двигуна,6272,88280083,4335
88280537,Прокладки двигателя,Прокладки двигуна,6283,88280135,4458
88280592,Прокладки двигателя,Прокладки двигуна,6452,88280154,4651
88280686,Прокладки двигателя,Прокладки двигуна,7149,88280156,4719
88280687,Прокладки двигателя,Прокладки двигуна,7151,88280213,4777
88280688,Прокладки двигателя,Прокладки двигуна,7153,88280175,5222
88281023,Прокладки двигателя,Прокладки двигуна,6258,88280061,3862
88281024,Прокладки двигателя,Прокладки двигуна,6296,88280202,3411
101284804,Прокладки двигателя,Прокладки двигуна,3773,88280059,3767
120853905,Прокладки двигателя,Прокладки двигуна,6530,88280174,5115
88280468,Радиатор отопителя,Радіатор отопітеля,4362,88280084,4361
88281026,Радиатор отопителя,Радіатор отопітеля,3894,88280227,3890
88281027,Радиатор отопителя,Радіатор отопітеля,6189,88280228,3428
89974731,Радиатор отопителя,Радіатор отопітеля,3801,88298854,3797
123961710,Радиатор отопителя,Радіатор обігрівача,4803,88280166,4802
88281032,Радиатор отопления,Радіатор опалення,4744,88280157,4743
92718355,Разное,Різне,7953,89974715,7730
122237763,Рассеиваетль,Розсіювальний,4416,124330391,4288
88281035,Рассеиватель,Розсіювач,3884,88280338,3876
88281036,Рассеиватель,Розсіювач,3975,88280313,3967
88281042,Рассеиватель,Розсіювач,4964,88280329,4957
88280062,Рулевое управление,Рульове управління,3903,88279942,3860
88280093,Рулевое управление,Рульове управління,4492,88279950,4455
88280103,Рулевое управление,Рульове управління,4682,88279953,4648
88280229,Рулевое управление,Рульове управління,3430,88279928,3409
89974858,Рулевое управление,Рульове управління,7666,89974806,7658
93878993,Рулевое управление,Рульове управління,3994,88279943,3940
113403034,Рулевое управление,Кермове керування,3490,88279930,3471
113403059,Рулевое управление,Кермове керування,4622,88279952,4591
119198645,Рулевое управление,Кермове керування,4807,88279955,4774
120673811,Руль и оплетка,Кермо та обплетення,4526,88280272,4520
121525435,Руль и оплетка,Кермо та обплетення,3936,88280264,3930
121747915,Руль и оплетка,Кермо та обплетення,4940,88280279,4934
124971430,Руль и оплетка,Кермо та обплетення,4712,88280275,4706
88280493,Сайлентблоки Шаровые опоры Кронштейны,Сайлентблоки Кульові опори Кронштейни,4702,88280108,4699
88281054,Сайлентблоки Шаровые опоры Кронштейны,Сайлентблоки Кульові опори Кронштейни,3686,88280028,3685
88281056,Сайлентблоки Шаровые опоры Кронштейны,Сайлентблоки Кульові опори Кронштейни,6167,88279997,3440
89974875,Сайлентблоки Шаровые опоры Кронштейны,Сайлентблоки Кульові опори Кронштейни,7681,89974847,7677
119470283,Сайлентблоки Шаровые опоры Кронштейны,Сайлентблоки Шарові опори Кронштейни,6278,113403049,4440
123961731,Сайлентблоки Шаровые опоры Кронштейны,Сайлентблоки Кульові опори Кронштейни,6175,88280374,3499
123961747,Сайлентблоки Шаровые опоры Кронштейны,Сайлентблоки Кульові опори Кронштейни,6475,88280111,4821
125277285,Сайлентблоки Шаровые опоры Кронштейны,Сайлентблоки Кульові опори Кронштейни,6270,125277243,4318
88281061,Сайлентблоки Шаровые опоры Кронштейны Пыльники,Сайлентблоки Кульові опори Кронштейни Пильовики,3925,88280066,3922
88281064,Сайлентблоки Шаровые опоры Кронштейны Пыльники,Сайлентблоки Кульові опори Кронштейни Пильовики,5756,88280382,5754
88298945,Сайлентблоки Шаровые опоры Кронштейны Пыльники,Сайлентблоки Кульові опори Кронштейни Пильовики,4028,88298835,4023
88281065,Сиденье,Сидіння,3937,88280264,3930
88281067,Сиденье,Сидіння,4273,88280268,4266
88281069,Сиденье,Сидіння,4527,88280272,4520
88281072,Сиденье,Сидіння,4713,88280275,4706
88281075,Сиденье,Сидіння,5165,88280281,5158
88281076,Сиденье,Сидіння,6316,88280286,6311
88281077,Сиденье,Сидіння,6624,88280386,5918
88280516,Система аммортизации,Система амортизації,6236,88280066,3922
88280520,Система аммортизации,Система амортизації,6244,88280096,4512
88280522,Система аммортизации,Система амортизації,6246,88280108,4699
88280524,Система аммортизации,Система амортизації,6248,88280111,4821
88280618,Система аммортизации,Система амортизації,6249,88280030,5369
88281079,Система аммортизации,Система амортизації,3843,88280027,3838
88281081,Система аммортизации,Система амортизації,6168,88279997,3440
88281083,Система аммортизации,Система амортизації,6197,88280292,3469
88281086,Система аммортизации,Система амортизації,6255,88280031,5879
88281088,Система аммортизации,Система амортизації,6659,88280205,3596
89974876,Система аммортизации,Система амортизації,7682,89974847,7677
89974877,Система аммортизации,Система амортизації,7709,89974848,7705
123367496,Система аммортизации,Система амортизації,6235,88280028,3685
124624828,Система аммортизации,Система амортизації,6555,88280172,5264
89974879,Система зажигания,Система запалювання,7712,89974851,7710
123961765,Система зажигания,Система запалювання,7685,89974850,7683
88280613,Система охлаждения,Система охолодження,5050,88280169,5047
88280619,Система охлаждения,Система охолодження,5117,88280174,5115
88280620,Система охлаждения,Система охолодження,5224,88280175,5222
88281090,Система охлаждения,Система охолодження,3866,88280061,3862
88281095,Система охлаждения,Система охолодження,4461,88280135,4458
88281096,Система охлаждения,Система охолодження,4654,88280154,4651
88281097,Система охлаждения,Система охолодження,4779,88280213,4777
88281101,Система охлаждения,Система охолодження,5330,88280216,5329
88281103,Система охлаждения,Система охолодження,6161,88280202,3411
88281104,Система охлаждения,Система охолодження,6227,88280223,5954
88281107,Система охлаждения,Система охолодження,6352,88280211,3658
88281108,Система охлаждения,Система охолодження,6581,88280218,5569
88281109,Система охлаждения,Система охолодження,6588,88280219,5631
88281110,Система охлаждения,Система охолодження,6601,88280221,5794
88281111,Система охлаждения,Система охолодження,6609,88280222,5841
89974880,Система охлаждения,Система охолодження,7664,89974852,7661
121106944,Система охлаждения,Система охолодження,3774,88280059,3767
123961703,Система охлаждения,Система охолодження,4594,113403055,4593
123961737,Система охлаждения,Система охолодження,6322,88280293,3473
124539734,Система охлождения Двигателя,Система охлождения Двигателя,7997,88279942,3860
124971431,Система охлождения Двигателя,Система охолодження Двигуна,7998,88279948,4276
124971432,Система охлождения Двигателя,Система охолодження Двигуна,8001,88279956,4837
125266619,Система охлождения Двигателя,Система охолодження Двигуна,8000,88279953,4648
88281119,Система смазки двигателя,Система змащення двигуна,4780,88280213,4777
88281120,Система смазки двигателя,Система змащення двигуна,6297,88280202,3411
88281121,Система смазки двигателя,Система змащення двигуна,6519,88280169,5047
116164113,Система смазки двигателя,Система змащення двигуна,7653,88280083,4335
125932617,Система смазки двигателя,Система змащення двигуна,4462,88280135,4458
88280632,Система управления сцеплением,Система управління зчепленням,5435,88280191,5434
88280635,Система управления сцеплением,Система управління зчепленням,5651,88280194,5650
88281124,Система управления сцеплением,Система управління зчепленням,3747,88280391,3746
88281125,Система управления сцеплением,Система управління зчепленням,3906,88280063,3905
88298927,Система управления сцеплением,Система управління зчепленням,5621,88298850,5620
118814862,Система управления сцеплением,Система керування зчепленням,4564,118814859,4563
119713174,Система управления сцеплением,Система керування зчепленням,4686,88280104,4684
119713181,Система управления сцеплением,Система керування зчепленням,3587,119713170,3586
124241510,Система управления сцеплением,Система управління зчепленням,6285,88280094,4494
88280512,Стартер Генератор,Стартер Генератор,6208,88280125,4703
88280549,Стартер Генератор,Стартер Генератор,6370,88280139,4084
88281129,Стартер Генератор,Стартер Генератор,3928,88280138,3926
88281131,Стартер Генератор,Стартер Генератор,4518,88280148,4516
88281133,Стартер Генератор,Стартер Генератор,6194,88280051,3441
88281135,Стартер Генератор,Стартер Генератор,6358,88280392,3687
88298910,Стартер Генератор,Стартер Генератор,3848,88280048,3844
88298911,Стартер Генератор,Стартер Генератор,4034,88280049,4030
89974882,Стартер Генератор,Стартер Генератор,7713,89974851,7710
90022566,Стартер Генератор,Стартер Генератор,7628,88280207,5508
114450260,Стартер Генератор,Стартер Генератор,6286,88280050,4636
123961738,Стартер Генератор,Стартер Генератор,6325,88280204,3500
123961752,Стартер Генератор,Стартер Генератор,6567,88280206,5371
123961758,Стартер Генератор,Стартер Генератор,7634,88280055,5662
88281139,Стекла Зеркала,Скло Дзеркала,3783,88280004,3776
88281142,Стекла Зеркала,Скло Дзеркала,4346,88280011,4339
88281144,Стекла Зеркала,Скло Дзеркала,4470,88280012,4463
88281152,Стекла Зеркала,Скло Дзеркала,6299,88280238,3413
124581750,Стекла Зеркала,Стартер Генератор,4663,88280015,4656
124878575,Стекла Зеркала,Стартер Генератор,4287,88280010,4280
125099733,Стекла Зеркала,Стартер Генератор,5126,88280022,5119
125200204,Стекла Зеркала,Скло Дзеркала,3966,88280006,3959
125200209,Стекла Зеркала,Скло Дзеркала,5291,125200207,5284
125266612,Стекла Зеркала,Скло Дзеркала,4848,88280018,4841
125277242,Стекла Зеркала,Скло Дзеркала,3875,88280005,3868
122343208,Стекло,Стекло,4356,124330391,4288
122676581,Стекло,Стекло,3792,88298868,3784
88280633,Стояночный тормоз,Стоянкове гальмо,5439,88280192,5438
88280645,Стояночный тормоз,Стоянкове гальмо,5593,88280193,5592
88281161,Стояночный тормоз,Стоянкове гальмо,3752,88280393,3751
88281162,Стояночный тормоз,Стоянкове гальмо,3915,88280065,3913
88281164,Стояночный тормоз,Стоянкове гальмо,4506,88280339,4504
88281165,Стояночный тормоз,Стоянкове гальмо,4694,88280107,4692
88281169,Стояночный тормоз,Стоянкове гальмо,5260,88280128,5259
88281170,Стояночный тормоз,Стоянкове гальмо,5656,88280195,5654
119470235,Стояночный тормоз,Стоянкове гальмо,4016,88298842,4014
119713177,Стояночный тормоз,Стоянкове гальмо,5150,88280346,5149
125160372,Стояночный тормоз,Гальмо стоянки,3831,88298840,3829
88280063,Сцепление,Зчеплення,3905,88279942,3860
88280067,Сцепление,Зчеплення,4000,88279943,3940
88280074,Сцепление,Зчеплення,4248,88279947,4213
88280094,Сцепление,Зчеплення,4494,88279950,4455
88280104,Сцепление,Зчеплення,4684,88279953,4648
88280115,Сцепление,Зчеплення,5080,88279959,5045
88280167,Сцепление,Зчеплення,4808,88279955,4774
88280191,Сцепление,Зчеплення,5434,88279975,5415
88280194,Сцепление,Зчеплення,5650,88279969,5629
88280235,Сцепление,Зчеплення,5973,88279970,5952
88280288,Сцепление,Зчеплення,3431,88279928,3409
88280348,Сцепление,Зчеплення,5865,88279965,5839
88280350,Сцепление,Зчеплення,5145,88279960,5113
88280391,Сцепление,Зчеплення,3746,88279934,3737
88298850,Сцепление,Зчеплення,5620,88279973,5599
88298873,Сцепление,Зчеплення,5818,88279964,5792
113403076,Сцепление,Зчеплення,4976,88279958,4944
113403129,Сцепление,Зчеплення,7668,89974806,7658
113403131,Сцепление,Зчеплення,7696,89974808,7688
118814859,Сцепление,Зчеплення,4563,88279951,4530
119713170,Сцепление,Зчеплення,3586,88279936,3563
122002125,Сцепление,Зчеплення,4368,88279949,4333
124163224,Сцепление,Зчеплення,4867,88279956,4837
124971428,Сцепление,Зчеплення,4307,88279948,4276
88280064,Товары для ТО,Товари для ТО,3908,88279942,3860
88280105,Товары для ТО,Товари для ТО,4687,88279953,4648
88280109,Товары для ТО,Товари для ТО,4810,88279955,4774
88280122,Товары для ТО,Товари для ТО,4430,88279941,4395
88280289,Товары для ТО,Товари для ТО,3432,88279928,3409
88298841,Товары для ТО,Товари для ТО,4004,88279943,3940
122538868,Товары для ТО,Товари для ТО,7735,89974715,7730
113403100,Товары на ТО,Товары на ТО,5975,88279970,5952
113403035,Толпивная система,Толпивна система,3553,88279967,3530
88280090,Топливная система,Паливна система,4431,88279941,4395
88280106,Топливная система,Паливна система,4689,88279953,4648
88280112,Топливная система,Паливна система,4979,88279958,4944
88280239,Топливная система,Паливна система,3824,88279935,3758
88280240,Топливная система,Паливна система,4009,88279943,3940
88280242,Топливная система,Паливна система,3433,88279928,3409
88280244,Топливная система,Паливна система,3749,88279934,3737
88280246,Топливная система,Паливна система,4078,88279944,4048
88280247,Топливная система,Паливна система,4500,88279950,4455
88280249,Топливная система,Паливна система,4812,88279955,4774
88280250,Топливная система,Паливна система,5084,88279959,5045
88280251,Топливная система,Паливна система,5147,88279960,5113
88280255,Топливная система,Паливна система,5869,88279965,5839
88298890,Топливная система,Паливна система,3679,88279968,3656
113403060,Топливная система,Паливна система,4626,88279952,4591
113861568,Топливная система,Паливна система,4870,88279956,4837
118855218,Топливная система,Паливна система,4567,88279951,4530
119042046,Топливная система,Паливна система,4370,88279949,4333
119713172,Топливная система,Паливна система,3910,88279942,3860
88280065,Тормозная система,Гальмівна система,3913,88279942,3860
88280086,Тормозная система,Гальмівна система,4373,88279949,4333
88280107,Тормозная система,Гальмівна система,4692,88279953,4648
88280110,Тормозная система,Гальмівна система,4816,88279955,4774
88280116,Тормозная система,Гальмівна система,5087,88279959,5045
88280128,Тормозная система,Гальмівна система,5259,88279962,5220
88280192,Тормозная система,Гальмівна система,5438,88279975,5415
88280195,Тормозная система,Гальмівна система,5654,88279969,5629
88280197,Тормозная система,Гальмівна система,5748,88279980,5719
88280198,Тормозная система,Гальмівна система,5781,88279981,5760
88280290,Тормозная система,Гальмівна система,3435,88279928,3409
88280291,Тормозная система,Гальмівна система,3465,88279929,3442
88280298,Тормозная система,Гальмівна система,3554,88279967,3530
88280308,Тормозная система,Гальмівна система,5475,88279976,5450
88280339,Тормозная система,Гальмівна система,4504,88279950,4455
88280340,Тормозная система,Гальмівна система,5872,88279965,5839
88280342,Тормозная система,Гальмівна система,5825,88279964,5792
88280344,Тормозная система,Гальмівна система,3681,88279968,3656
88280346,Тормозная система,Гальмівна система,5149,88279960,5113
88280393,Тормозная система,Гальмівна система,3751,88279934,3737
88298840,Тормозная система,Гальмівна система,3829,88279935,3758
88298842,Тормозная система,Гальмівна система,4014,88279943,3940
89974854,Тормозная система,Гальмівна система,7674,89974806,7658
89974855,Тормозная система,Гальмівна система,7702,89974808,7688
89990106,Тормозная система,Гальмівна система,4312,88279948,4276
95751421,Тормозная система,Гальмівна система,5687,89990096,5663
113403101,Тормозная система,Гальмівна система,5977,88279970,5952
116732513,Тормозная система,Гальмівна система,4570,88279951,4530
120087642,Тормозная система,Гальмівна система,4628,88279952,4591
113403048,Тормозная ситстема,Гальмівна ситстема,4434,88279941,4395
88281176,Тормозной привод,Гальмівний привід,3916,88280065,3913
88281179,Тормозной привод,Гальмівний привід,4695,88280107,4692
88281180,Тормозной привод,Гальмівний привід,5090,88280116,5087
88281182,Тормозной привод,Гальмівний привід,6305,88280290,3435
88281183,Тормозной привод,Гальмівний привід,6319,88280291,3465
88281184,Тормозной привод,Гальмівний привід,6596,88280197,5748
88281185,Тормозной привод,Гальмівний привід,6612,88280340,5872
88298950,Тормозной привод,Гальмівний привід,3832,88298840,3829
89082420,Тормозной привод,Гальмівний привід,6356,88280344,3681
88280469,Тормозные механизмы,Гальмівні механізми,4375,88280086,4373
88280491,Тормозные механизмы,Гальмівні механізми,4696,88280107,4692
88280496,Тормозные механизмы,Гальмівні механізми,4818,88280110,4816
88280505,Тормозные механизмы,Гальмівні механізми,5091,88280116,5087
88280634,Тормозные механизмы,Гальмівні механізми,5440,88280192,5438
88280637,Тормозные механизмы,Гальмівні механізми,5657,88280195,5654
88280639,Тормозные механизмы,Гальмівні механізми,5749,88280197,5748
88280640,Тормозные механизмы,Гальмівні механізми,5782,88280198,5781
88281174,Тормозные механизмы,Гальмівні механізми,3437,88280290,3435
88281186,Тормозные механизмы,Гальмівні механізми,3555,88280298,3554
88281187,Тормозные механизмы,Гальмівні механізми,3682,88280344,3681
88281188,Тормозные механизмы,Гальмівні механізми,3917,88280065,3913
88281189,Тормозные механизмы,Гальмівні механізми,4508,88280339,4504
88281190,Тормозные механизмы,Гальмівні механізми,6250,88280308,5475
88281191,Тормозные механизмы,Гальмівні механізми,6538,88280346,5149
89974884,Тормозные механизмы,Гальмівні механізми,7676,89974854,7674
89974885,Тормозные механизмы,Гальмівні механізми,7704,89974855,7702
89990163,Тормозные механизмы,Гальмівні механізми,4314,89990106,4312
116732516,Тормозные механизмы,Гальмівні механізми,4572,116732513,4570
120087641,Тормозные механизмы,Гальмівні механізми,4436,113403048,4434
120087643,Тормозные механизмы,Гальмівні механізми,4630,120087642,4628
123961760,Тормозные механизмы,Гальмівні механізми,7640,113403101,5977
88280193,Тормозня система,Тормозня система,5592,88279979,5567
95275065,Торпеда,Торпеда,3858,88280263,3850
117560726,Торпеда,Торпеда,4453,88280271,4445
120478132,Торпеда,Торпеда,4528,88280272,4520
123961693,Торпеда,Торпеда,4044,88280265,4036
124304153,Торпеда,Торпеда,3938,88280264,3930
124304154,Торпеда,Торпеда,4331,88280269,4323
125392977,Торпеда,Торпеда,5111,88280241,5103
88279999,Трансмиссия,Трансмісія,3497,88279930,3471
88280132,Трансмиссия,Трансмісія,4376,88279949,4333
88280142,Трансмиссия,Трансмісія,4256,88279947,4213
88280146,Трансмиссия,Трансмісія,4437,88279941,4395
88280155,Трансмиссия,Трансмісія,4697,88279953,4648
88280256,Трансмиссия,Трансмісія,3918,88279942,3860
88280257,Трансмиссия,Трансмісія,5750,88279980,5719
88280258,Трансмиссия,Трансмісія,3438,88279928,3409
88280259,Трансмиссия,Трансмісія,5092,88279959,5045
88280352,Трансмиссия,Трансмісія,4509,88279950,4455
88280353,Трансмиссия,Трансмісія,4631,88279952,4591
88280355,Трансмиссия,Трансмісія,5594,88279979,5567
88298862,Трансмиссия,Трансмісія,4019,88279943,3940
88298874,Трансмиссия,Трансмісія,5828,88279964,5792
113403102,Трансмиссия,Трансмісія,5979,88279970,5952
114828217,Трансмиссия,Трансмісія,5875,88279965,5839
123904612,Трос,Трос,7996,114218080,7983
114450231,"Троса, насосы","Троса, насоси",4871,113861568,4870
123961772,УАЗ,УАЗ,7994,88279917,
88281204,Указатель поворота,Вказівник повороту,4481,88280321,4471
88281207,Указатель поворота,Вказівник повороту,5857,88280337,5848
119470242,Указатель поворота,Покажчик повороту,4552,88280322,4542
88281208,Уплотнители Шумоизоляция,Ущільнювачі Шумоізоляція,3859,88280263,3850
88281209,Уплотнители Шумоизоляция,Ущільнювачі Шумоізоляція,3939,88280264,3930
88281214,Уплотнители Шумоизоляция,Ущільнювачі Шумоізоляція,4529,88280272,4520
88281215,Уплотнители Шумоизоляция,Ущільнювачі Шумоізоляція,4590,88280273,4581
88281218,Уплотнители Шумоизоляция,Ущільнювачі Шумоізоляція,4943,88280279,4934
88281222,Уплотнители Шумоизоляция,Ущільнювачі Шумоізоляція,5382,88280285,5373
114450200,Уплотнители Шумоизоляция,Ущільнювачі Шумоізоляція,3736,88280262,3727
120229145,Уплотнители Шумоизоляция,Ущільнювачі Шумоізоляція,4715,88280275,4706
121780555,Уплотнители Шумоизоляция,Ущільнювачі Шумоізоляція,4454,88280271,4445
122012850,Уплотнители Шумоизоляция,Ущільнювачі Шумоізоляція,5167,88280281,5158
124530492,Уплотнители Шумоизоляция,Ущільнювачі Шумоізоляція,5112,88280241,5103
124539737,Уплотнители Шумоизоляция,Ущільнювачі Шумоізоляція,4888,124539733,4879
123961761,Управление отопителем,Управління обігрівачем,7646,113403044,4302
95954656,Уценка,Уцінка,7955,88279917,
88281224,Фара,Фара,3711,88280312,3701
88281225,Фара,Фара,3978,88280313,3967
88281228,Фара,Фара,4358,88280319,4347
88281229,Фара,Фара,4482,88280321,4471
88281230,Фара,Фара,4674,88280324,4664
88281235,Фара,Фара,5349,88280333,5339
88281236,Фара,Фара,5428,88280334,5420
88281237,Фара,Фара,5614,88280336,5604
88281238,Фара,Фара,5858,88280337,5848
88298952,Фара,Фара,3794,88298868,3784
114450211,Фара,Фара,4419,124330391,4288
114492509,Фара,Фара,4967,88280329,4957
121463432,Фара,Фара,4553,88280322,4542
122794220,Фара,Фара,4859,122794219,4849
116732515,Фильтра очистки воздуха,Фільтри очищення повітря,7991,88280228,3428
88280455,Фильтры,Фільтри,3909,88280064,3908
88280488,Фильтры,Фільтри,4688,88280105,4687
88280494,Фильтры,Фільтри,4811,88280109,4810
88281240,Фильтры,Фільтри,6164,88280289,3432
88298953,Фильтры,Фільтри,4008,88298841,4004
123961732,Фильтры,Фільтри,6183,88280122,4430
123961735,Фильтры,Фільтри,6231,113403100,5975
88281246,Фонарь,Ліхтар,3888,88280338,3876
88281247,Фонарь,Ліхтар,3979,88280313,3967
88281250,Фонарь,Ліхтар,4359,88280319,4347
88281251,Фонарь,Ліхтар,4420,124330391,4288
88281252,Фонарь,Ліхтар,4483,88280321,4471
88281257,Фонарь,Ліхтар,5138,88280330,5127
88281259,Фонарь,Ліхтар,5523,88280335,5514
88298955,Фонарь,Ліхтар,5070,88298869,5059
88879871,Фонарь,Ліхтар,5350,88280333,5339
118120296,Фонарь,Ліхтар,3795,88298868,3784
124971429,Фонарь,Ліхтар,4675,88280324,4664
125200208,Фонарь,Ліхтар,4614,125200205,4603
88280031,Ходовая система,Ходова система,5879,88279965,5839
113403099,Ходовая система,Ходова система,5915,88279966,5887
88279997,Ходовая часть,Ходова частина,3440,88279928,3409
88280027,Ходовая часть,Ходова частина,3838,88279935,3758
88280028,Ходовая часть,Ходова частина,3685,88279968,3656
88280029,Ходовая часть,Ходова частина,5154,88279960,5113
88280030,Ходовая часть,Ходова частина,5369,88279940,5326
88280066,Ходовая часть,Ходова частина,3922,88279942,3860
88280096,Ходовая часть,Ходова частина,4512,88279950,4455
88280108,Ходовая часть,Ходова частина,4699,88279953,4648
88280111,Ходовая часть,Ходова частина,4821,88279955,4774
88280117,Ходовая часть,Ходова частина,5095,88279959,5045
88280172,Ходовая часть,Ходова частина,5264,88279962,5220
88280292,Ходовая часть,Ходова частина,3469,88279929,3442
88280371,Ходовая часть,Ходова частина,5831,88279964,5792
88280373,Ходовая часть,Ходова частина,5982,88279970,5952
88280374,Ходовая часть,Ходова частина,3499,88279930,3471
88280382,Ходовая часть,Ходова частина,5754,88279980,5719
88280388,Ходовая часть,Ходова частина,5661,88279969,5629
88298835,Ходовая часть,Ходова частина,4023,88279943,3940
89974847,Ходовая часть,Ходова частина,7677,89974806,7658
89974848,Ходовая часть,Ходова частина,7705,89974808,7688
90009781,Ходовая часть,Ходова частина,5444,88279975,5415
113403049,Ходовая часть,Ходова частина,4440,88279941,4395
113403089,Ходовая часть,Ходова частина,5535,88279978,5509
113403093,Ходовая часть,Ходова частина,5691,89990096,5663
115727257,Ходовая часть,Ходова частина,7988,114218080,7983
125277243,Ходовая часть,Ходовая часть,4318,88279948,4276
89115034,Чехлы на сиденья,Чохли на сидіння,7616,88279972,4046
89115047,Чехлы на сиденья,Чохли на сидіння,7610,88279932,3378
114450288,Чехлы на сиденья,Чохли на сидіння,7638,88279989,5790
92718356,Чехлы-Подлокотники,Чохли-Підлокітники,7952,89974715,7730
88280571,Шланги Трубки,Шланги Трубки,6423,88280092,4485
88280593,Шланги Трубки,Шланги Трубки,6453,88280102,4677
88280599,Шланги Трубки,Шланги Трубки,6462,88280157,4743
88281263,Шланги Трубки,Шланги Трубки,6552,88280367,5247
88281264,Шланги Трубки,Шланги Трубки,6562,88280368,5352
88281265,Шланги Трубки,Шланги Трубки,6640,88280228,3428
88281266,Шланги Трубки,Шланги Трубки,6647,88280166,4802
88298956,Шланги Трубки,Шланги Трубки,3802,88298854,3797
89115033,Шланги Трубки,Шланги Трубки,7621,88280113,5072
89115053,Шланги Трубки,Шланги Трубки,7631,89115038,5525
123961773,"Шумоизоляция, Виброизоляция","Шумоізоляція, Віброізоляція",7995,89974715,7730
92613159,"Щетки стеклоочестителя,Жиклеры",Щітки стеклоочестителя,7738,89974715,7730
88280205,Электроника и датчики,Електроніка та датчики,3596,88279936,3563
88280483,Электронная и механическая система зажигания,Електронна і механічна система запалювання,4580,88280099,4578
88280542,Электронная и механическая система зажигания,Електронна і механічна система запалювання,6360,88280136,3756
88280586,Электронная и механическая система зажигания,Електронна і механічна система запалювання,6446,88280050,4636
88281269,Электронная и механическая система зажигания,Електронна і механічна система запалювання,3849,88280048,3844
88281270,Электронная и механическая система зажигания,Електронна і механічна система запалювання,3929,88280138,3926
88281272,Электронная и механическая система зажигания,Електронна і механічна система запалювання,4519,88280148,4516
88281273,Электронная и механическая система зажигания,Електронна і механічна система запалювання,4705,88280125,4703
88281276,Электронная и механическая система зажигания,Електронна і механічна система запалювання,5836,88280056,5835
88281278,Электронная и механическая система зажигания,Електронна і механічна система запалювання,6169,88280051,3441
88281279,Электронная и механическая система зажигания,Електронна і механічна система запалювання,6178,88280392,3687
88281280,Электронная и механическая система зажигания,Електронна і механічна система запалювання,6326,88280204,3500
88281281,Электронная и механическая система зажигания,Електронна і механічна система запалювання,6478,88280052,4824
88281283,Электронная и механическая система зажигания,Електронна і механічна система запалювання,6527,88280054,5101
88281285,Электронная и механическая система зажигания,Електронна і механічна система запалювання,6572,88280399,5479
88298846,Электронная и механическая система зажигания,Електронна і механічна система запалювання,6276,88280088,4382
88298918,Электронная и механическая система зажигания,Електронна і механічна система запалювання,4035,88280049,4030
88658199,Электронная и механическая система зажигания,Електронна і механічна система запалювання,6593,88280055,5662
89990126,Электронная и механическая система зажигания,Електронна і механічна система запалювання,6543,88280170,5157
89990140,Электронная и механическая система зажигания,Електронна і механічна система запалювання,7649,89974717,5757
95954655,Электронная и механическая система зажигания,Електронна і механічна система запалювання,7714,88280205,3596
116498722,Электронная и механическая система зажигания,Електронна та механічна система запалювання,6279,88280134,4443
123961751,Электронная и механическая система зажигания,Електронна та механічна система запалювання,6512,88280053,4987
123961762,Электронная и механическая система зажигания,Електронна та механічна система запалювання,7650,113403096,5786
88280048,Электрооборудование,Електрообладнання,3844,88279935,3758
88280049,Электрооборудование,Електрообладнання,4030,88279943,3940
88280050,Электрооборудование,Електрообладнання,4636,88279952,4591
88280051,Электрооборудование,Електрообладнання,3441,88279928,3409
88280052,Электрооборудование,Електрообладнання,4824,88279955,4774
88280053,Электрооборудование,Електрообладнання,4987,88279958,4944
88280054,Электрооборудование,Електрообладнання,5101,88279959,5045
88280055,Электрооборудование,Електрообладнання,5662,88279969,5629
88280056,Электрооборудование,Електрообладнання,5835,88279964,5792
88280057,Электрооборудование,Електрообладнання,5883,88279965,5839
88280058,Электрооборудование,Електрообладнання,5985,88279970,5952
88280078,Электрооборудование,Електрообладнання,4262,88279947,4213
88280082,Электрооборудование,Електрообладнання,4321,88279948,4276
88280088,Электрооборудование,Електрообладнання,4382,88279949,4333
88280099,Электрооборудование,Електрообладнання,4578,88279951,4530
88280125,Электрооборудование,Електрообладнання,4703,88279953,4648
88280129,Электрооборудование,Електрообладнання,5268,88279962,5220
88280134,Электрооборудование,Електрообладнання,4443,88279941,4395
88280136,Электрооборудование,Електрообладнання,3756,88279934,3737
88280138,Электрооборудование,Електрообладнання,3926,88279942,3860
88280139,Электрооборудование,Електрообладнання,4084,88279944,4048
88280148,Электрооборудование,Електрообладнання,4516,88279950,4455
88280170,Электрооборудование,Електрообладнання,5157,88279960,5113
88280204,Электрооборудование,Електрообладнання,3500,88279930,3471
88280206,Электрооборудование,Електрообладнання,5371,88279940,5326
88280207,Электрооборудование,Електрообладнання,5508,88279977,5480
88280208,Электрооборудование,Електрообладнання,5598,88279979,5567
88280300,Электрооборудование,Електрообладнання,3560,88279967,3530
88280392,Электрооборудование,Електрообладнання,3687,88279968,3656
88280399,Электрооборудование,Електрообладнання,5479,88279976,5450
89974717,Электрооборудование,Електрообладнання,5757,88279980,5719
89974846,Электрооборудование,Електрообладнання,7739,89974715,7730
89974850,Электрооборудование,Електрообладнання,7683,89974806,7658
89974851,Электрооборудование,Електрообладнання,7710,89974808,7688
113403096,Электрооборудование,Електрообладнання,5786,88279981,5760
114450305,Электрооборудование,Електрообладнання,7982,88279986,5384
120078939,Элемент оптический,Елемент оптичний,3980,88280313,3967
125200203,Элемент оптический,Оптичний елемент,3889,88280338,3876
114450302,Элементы подвески,Елементи підвіски,7970,113403089,5535
88280453,Элементы подвески рулевого управленя,Елементи підвіски і рульового керування,3904,88280062,3903
88280476,Элементы подвески рулевого управленя,Елементи підвіски і рульового керування,4493,88280093,4492
88280487,Элементы подвески рулевого управленя,Елементи підвіски і рульового керування,4683,88280103,4682
88298919,Элементы подвески рулевого управленя,Елементи підвіски і рульового керування,6162,88280229,3430
89974887,Элементы подвески рулевого управленя,Елементи підвіски і рульового керування,7667,89974858,7666
93879019,Элементы подвески рулевого управленя,Елементи підвіски і рульового керування,3999,93878993,3994
119198647,Элементы подвески рулевого управленя,Елементи підвішування кермового керування,6648,119198645,4807
123961730,Элементы подвески рулевого управленя,Елементи підвіски кермового керування,6171,113403034,3490
88280241,Элементы салона,Елементи салону,5103,88279959,5045
88280262,Элементы салона,Елементи салону,3727,88279933,3690
88280263,Элементы салона,Елементи салону,3850,88279935,3758
88280264,Элементы салона,Елементи салону,3930,88279942,3860
88280265,Элементы салона,Елементи салону,4036,88279943,3940
88280267,Элементы салона,Елементи салону,4203,88279946,4157
88280268,Элементы салона,Елементи салону,4266,88279947,4213
88280269,Элементы салона,Елементи салону,4323,88279948,4276
88280270,Элементы салона,Елементи салону,4385,88279949,4333
88280271,Элементы салона,Елементи салону,4445,88279941,4395
88280272,Элементы салона,Елементи салону,4520,88279950,4455
88280273,Элементы салона,Елементи салону,4581,88279951,4530
88280275,Элементы салона,Елементи салону,4706,88279953,4648
88280276,Элементы салона,Елементи салону,4764,88279954,4716
88280277,Элементы салона,Елементи салону,4827,88279955,4774
88280279,Элементы салона,Елементи салону,4934,88279957,4889
88280280,Элементы салона,Елементи салону,4989,88279958,4944
88280281,Элементы салона,Елементи салону,5158,88279960,5113
88280283,Элементы салона,Елементи салону,5271,88279962,5220
88280284,Элементы салона,Елементи салону,5316,88279963,5281
88280285,Элементы салона,Елементи салону,5373,88279940,5326
88280286,Элементы салона,Елементи салону,6311,88279928,3409
88280287,Элементы салона,Елементи салону,5758,88279980,5719
88280301,Элементы салона,Елементи салону,3561,88279967,3530
88280364,Элементы салона,Елементи салону,5885,88279965,5839
88280386,Элементы салона,Елементи салону,5918,88279966,5887
113403062,Элементы салона,Елементи салону,4638,88279952,4591
124539733,Элементы салона,Елементи салону,4879,88279956,4837
88280454,Элементы сцепления,Елементи зчеплення,3907,88280063,3905
88280478,Элементы сцепления,Елементи зчеплення,4496,88280094,4494
88280503,Элементы сцепления,Елементи зчеплення,5082,88280115,5080
88281292,Элементы сцепления,Елементи зчеплення,5867,88280348,5865
88281293,Элементы сцепления,Елементи зчеплення,5974,88280235,5973
88281294,Элементы сцепления,Елементи зчеплення,6192,88280288,3431
88281295,Элементы сцепления,Елементи зчеплення,6473,88280167,4808
88298959,Элементы сцепления,Елементи зчеплення,5820,88298873,5818
89974787,Элементы сцепления,Елементи зчеплення,6535,88280350,5145
123961740,Элементы сцепления,Елементи зчеплення,6407,122002125,4368
123961764,Элементы сцепления,Елементи зчеплення,7670,113403129,7668
123961766,Элементы сцепления,Елементи зчеплення,7697,113403131,7696
124163226,Элементы сцепления,Елементи зчеплення,6482,124163224,4867
124241511,Элементы сцепления,Елементи зчеплення,6454,88280104,4684
124971433,Элементы сцепления,Елементи зчеплення,6399,124971428,4307
88298960,Элементы управления отопителем Воздуховоды,Елементи керування нагрівником Повітроводи,3803,88298854,3797
88298961,Элементы управления отопителем Воздуховоды,Елементи керування нагрівником Повітроводи,3987,88298855,3981
89974804,Элементы управления отопителем Воздуховоды,Елементи керування нагрівником Повітроводи,7613,88280228,3428
117773885,Элементы управления отопителем Воздуховоды,Елементи керування опалювачем Повітроводи,3896,88280227,3890
124878577,Элементы управления отопителем Воздуховоды,Елементи управління обігрівачем Повітропроводи,4363,88280084,4361
89974806,"Aveo, ZAZ Vida",Chevrolet Aveo,7658,89974714,7657
89974714,Chevrolet,Chevrolet,7657,88279917,
89974807,Chevrolet Тюнинг,Chevrolet Тюнінг,7687,89974714,7657
88279918,Daewoo,Daewoo,3377,88279917,
88279931,Daewoo разное,Daewoo різне,6186,88279918,3377
88279932,Daewoo Тюнинг,Daewoo Тюнінг,3378,88279918,3377
88279928,Daewoo- Lanos,Daewoo Lanos,3409,88279918,3377
88279929,Daewoo- Matiz,Daewoo Matiz,3442,88279918,3377
88279930,Daewoo- Nexia,Daewoo Nexia,3471,88279918,3377
89974808,Lacetti,Chevrolet Lacetti,7688,89974714,7657
88279933,LADA Granta- 2190,ВАЗ LADA 2190 Granta,3690,88279919,3689
88279934,LADA Largus,LADA Largus,3737,88279919,3689
88279935,"LADA- 1117, 1118, 1119","ВАЗ 1117, 1118, 1119 Лада Калина",3758,88279919,3689
114218080,Renault,Renault Logan,7983,88279917,
